[{"model": "foodcartapp.restaurant", "pk": 1, "fields": {"name": "Star Burger Арбат", "address": "Москва, ул. Новый Арбат, 15", "contact_phone": "+7 (967) 157-44-13"}}, {"model": "foodcartapp.restaurant", "pk": 2, "fields": {"name": "Star Burger Цветной", "address": "Москва, Цветной бульвар, 11с2", "contact_phone": "+7 (929) 949-55-36"}}, {"model": "foodcartapp.restaurant", "pk": 3, "fields": {"name": "Star Burger Европейский", "address": "Москва, пл. Киевского Вокзала, 2", "contact_phone": "+7 (929) 680-47-58"}}, {"model": "foodcartapp.productcategory", "pk": 1, "fields": {"name": "Бургер"}}, {"model": "foodcartapp.productcategory", "pk": 2, "fields": {"name": "Ролл"}}, {"model": "foodcartapp.product", "pk": 1, "fields": {"name": "Стейкхаус", "category": 1, "price": "269.00", "image": "steak_HlQyC2A.jpg", "special_status": false, "description": "Стейкхаус – это сочетание нашей фирменной, приготовленной на огне 100% говядины с ломтиками бекона и соусом «Барбекю», майонезом, листьями свежего салата, помидором и хрустящим луком ."}}, {"model": "foodcartapp.product", "pk": 2, "fields": {"name": "Лонг Чизбургер", "category": 1, "price": "219.00", "image": "long_chiz_ak6IzT0.jpg", "special_status": false, "description": "Лонг Чизбургер – эталон в коллекции чизбургеров! Два приготовленных на огне бифштекса с двумя ломтиками слегка расплавленного сыра, хрустящими огурчиками, рубленым луком, горчицей и кетчупом."}}, {"model": "foodcartapp.product", "pk": 3, "fields": {"name": "Тройной Воппер", "category": 1, "price": "369.00", "image": "triple_vopper_MsOMRsJ.jpg", "special_status": false, "description": "ВОППЕР® — это вкуснейшая приготовленная на огне 100% говядина с сочными помидорами, свежим нарезанным листовым салатом, густым майонезом, хрустящими маринованными огурчиками и свежим луком."}}, {"model": "foodcartapp.product", "pk": 4, "fields": {"name": "Беконайзер", "category": 1, "price": "319.00", "image": "beconizer_La0202h.jpg", "special_status": false, "description": "Встречай самый внушительный бургер в коллекции Бургер Кинг. Много мяса, много бекона и много сыра - все, как ты любишь, и ничего лишнего!\""}}, {"model": "foodcartapp.product", "pk": 5, "fields": {"name": "Фиш Ролл", "category": 2, "price": "199.00", "image": "fish_roll_G3TI6Ex.jpg", "special_status": false, "description": "Наш новый ролл с аппетитной котлеткой из филе белой рыбы, с фирменным соусом, маринованными огурчиками и хрустящим салатом. Легкое рыбное удовольствие!"}}, {"model": "foodcartapp.product", "pk": 6, "fields": {"name": "Шримп Ролл\"", "category": 2, "price": "209.00", "image": "shrimp_roll_WQmEtuz.jpg", "special_status": false, "description": "Легкий ролл с нежными королевскими креветками в хрустящей панировке, свежий салат Айсберг и ломтик сыра в пшеничной лепешке под фирменным соусом «Кинг»."}}, {"model": "foodcartapp.restaurantmenuitem", "pk": 1, "fields": {"restaurant": 3, "product": 1, "availability": true}}, {"model": "foodcartapp.restaurantmenuitem", "pk": 2, "fields": {"restaurant": 3, "product": 2, "availability": true}}, {"model": "foodcartapp.restaurantmenuitem", "pk": 3, "fields": {"restaurant": 3, "product": 3, "availability": true}}, {"model": "foodcartapp.restaurantmenuitem", "pk": 4, "fields": {"restaurant": 3, "product": 4, "availability": true}}, {"model": "foodcartapp.restaurantmenuitem", "pk": 6, "fields": {"restaurant": 3, "product": 6, "availability": true}}, {"model": "foodcartapp.restaurantmenuitem", "pk": 7, "fields": {"restaurant": 2, "product": 1, "availability": true}}, {"model": "foodcartapp.restaurantmenuitem", "pk": 8, "fields": {"restaurant": 2, "product": 2, "availability": true}}, {"model": "foodcartapp.restaurantmenuitem", "pk": 9, "fields": {"restaurant": 2, "product": 3, "availability": true}}, {"model": "foodcartapp.restaurantmenuitem", "pk": 10, "fields": {"restaurant": 2, "product": 6, "availability": true}}, {"model": "foodcartapp.restaurantmenuitem", "pk": 12, "fields": {"restaurant": 2, "product": 4, "availability": true}}, {"model": "foodcartapp.restaurantmenuitem", "pk": 13, "fields": {"restaurant": 1, "product": 6, "availability": true}}, {"model": "foodcartapp.restaurantmenuitem", "pk": 14, "fields": {"restaurant": 1, "product": 5, "availability": true}}, {"model": "foodcartapp.restaurantmenuitem", "pk": 15, "fields": {"restaurant": 1, "product": 4, "availability": true}}, {"model": "foodcartapp.restaurantmenuitem", "pk": 16, "fields": {"restaurant": 1, "product": 3, "availability": true}}, {"model": "foodcartapp.restaurantmenuitem", "pk": 17, "fields": {"restaurant": 1, "product": 2, "availability": true}}, {"model": "foodcartapp.restaurantmenuitem", "pk": 18, "fields": {"restaurant": 1, "product": 1, "availability": true}}, {"model": "foodcartapp.order", "pk": 1, "fields": {"payment": "CASH", "status": "01", "firstname": "Из админки", "lastname": "админ", "phonenumber": "+79067772233", "address": "Москва, Цветной бульвар, 11с2", "comment": "", "registration_date": "2023-06-12T16:09:26.263Z", "call_date": null, "delivery_date": null, "restaurant": 2}}, {"model": "foodcartapp.order", "pk": 5, "fields": {"payment": "CASH", "status": "01", "firstname": "Michael", "lastname": "Zapivahin", "phonenumber": "+79778108747", "address": "Красногорск Лесная 5", "comment": "wedwd", "registration_date": "2023-06-12T15:53:18.309Z", "call_date": null, "delivery_date": null, "restaurant": 1}}, {"model": "foodcartapp.order", "pk": 6, "fields": {"payment": "CASH", "status": "01", "firstname": "Michael", "lastname": "Zapivahin", "phonenumber": "+79778108744", "address": "Красногорск Лесная 5", "comment": "", "registration_date": "2023-06-12T15:53:00.532Z", "call_date": null, "delivery_date": null, "restaurant": 3}}, {"model": "foodcartapp.order", "pk": 7, "fields": {"payment": "CASH", "status": "01", "firstname": "Michael", "lastname": "Zapivahin", "phonenumber": "+79778108745", "address": "Красногорск Лесная 5", "comment": "", "registration_date": "2023-06-12T15:12:26.703Z", "call_date": null, "delivery_date": null, "restaurant": 1}}, {"model": "foodcartapp.order", "pk": 8, "fields": {"payment": "CARD", "status": "01", "firstname": "Michael", "lastname": "zmg", "phonenumber": "+79778087555", "address": "Москва, Дмитровское шоссе 60", "comment": "", "registration_date": "2023-06-13T09:38:19.010Z", "call_date": null, "delivery_date": null, "restaurant": null}}, {"model": "foodcartapp.order", "pk": 9, "fields": {"payment": "CASH", "status": "01", "firstname": "Michael", "lastname": "Zapivahin", "phonenumber": "+79778108750", "address": "Красногорск Лесная 5", "comment": "1", "registration_date": "2023-06-15T05:31:47.301Z", "call_date": null, "delivery_date": null, "restaurant": null}}, {"model": "foodcartapp.order", "pk": 10, "fields": {"payment": "CASH", "status": "01", "firstname": "Michael", "lastname": "Zapivahin", "phonenumber": "+79778108750", "address": "Красногорск Лесная 5", "comment": "1", "registration_date": "2023-06-15T06:22:03.099Z", "call_date": null, "delivery_date": null, "restaurant": null}}, {"model": "foodcartapp.order", "pk": 11, "fields": {"payment": "CASH", "status": "01", "firstname": "Michael", "lastname": "Zapivahin", "phonenumber": "+79778108750", "address": "Красногорск Лесная 5", "comment": "1", "registration_date": "2023-06-15T06:28:22.479Z", "call_date": null, "delivery_date": null, "restaurant": null}}, {"model": "foodcartapp.order", "pk": 12, "fields": {"payment": "CASH", "status": "01", "firstname": "Michael", "lastname": "Zapivahin", "phonenumber": "+79778108750", "address": "Красногорск Лесная 5", "comment": "1", "registration_date": "2023-06-15T06:32:00.028Z", "call_date": null, "delivery_date": null, "restaurant": null}}, {"model": "foodcartapp.order", "pk": 13, "fields": {"payment": "CASH", "status": "01", "firstname": "Michael", "lastname": "Zapivahin", "phonenumber": "+79778108750", "address": "Красногорск Лесная 5", "comment": "1", "registration_date": "2023-06-15T06:34:58.977Z", "call_date": null, "delivery_date": null, "restaurant": null}}, {"model": "foodcartapp.order", "pk": 14, "fields": {"payment": "CASH", "status": "01", "firstname": "Michael", "lastname": "Zapivahin", "phonenumber": "+79778108751", "address": "Красногорск Лесная 5", "comment": "1", "registration_date": "2023-06-15T06:57:01.837Z", "call_date": null, "delivery_date": null, "restaurant": null}}, {"model": "foodcartapp.order", "pk": 15, "fields": {"payment": "CASH", "status": "01", "firstname": "Michael", "lastname": "Zapivahin", "phonenumber": "+79778108751", "address": "Красногорск Лесная 5", "comment": "1", "registration_date": "2023-06-15T07:01:35.085Z", "call_date": null, "delivery_date": null, "restaurant": null}}, {"model": "foodcartapp.order", "pk": 16, "fields": {"payment": "CASH", "status": "01", "firstname": "Michael", "lastname": "zmg", "phonenumber": "+79778108747", "address": "Москва, ул. Новый Арбат, 15", "comment": "1", "registration_date": "2023-06-15T07:06:50.418Z", "call_date": null, "delivery_date": null, "restaurant": null}}, {"model": "foodcartapp.order", "pk": 17, "fields": {"payment": "CASH", "status": "01", "firstname": "Michael", "lastname": "zmg", "phonenumber": "+79778108742", "address": "Москва, ул. Новый Арбат, 15", "comment": "1", "registration_date": "2023-06-15T07:07:11.737Z", "call_date": null, "delivery_date": null, "restaurant": null}}, {"model": "foodcartapp.order", "pk": 18, "fields": {"payment": "CASH", "status": "01", "firstname": "Michael", "lastname": "zmg", "phonenumber": "+79778108743", "address": "Москва, ул. ржавый меч, 151", "comment": "", "registration_date": "2023-06-16T06:50:44.169Z", "call_date": null, "delivery_date": null, "restaurant": null}}, {"model": "foodcartapp.orderitem", "pk": 2, "fields": {"order": 1, "product": 5, "quantity": 1, "price": "199.00"}}, {"model": "foodcartapp.orderitem", "pk": 10, "fields": {"order": 5, "product": 3, "quantity": 1, "price": "369.00"}}, {"model": "foodcartapp.orderitem", "pk": 11, "fields": {"order": 5, "product": 5, "quantity": 2, "price": "199.00"}}, {"model": "foodcartapp.orderitem", "pk": 12, "fields": {"order": 6, "product": 3, "quantity": 1, "price": "369.00"}}, {"model": "foodcartapp.orderitem", "pk": 13, "fields": {"order": 6, "product": 5, "quantity": 2, "price": "199.00"}}, {"model": "foodcartapp.orderitem", "pk": 14, "fields": {"order": 7, "product": 3, "quantity": 1, "price": "369.00"}}, {"model": "foodcartapp.orderitem", "pk": 15, "fields": {"order": 7, "product": 5, "quantity": 2, "price": "199.00"}}, {"model": "foodcartapp.orderitem", "pk": 16, "fields": {"order": 8, "product": 1, "quantity": 2, "price": "700.00"}}, {"model": "foodcartapp.orderitem", "pk": 17, "fields": {"order": 8, "product": 5, "quantity": 2, "price": "500.00"}}, {"model": "foodcartapp.orderitem", "pk": 18, "fields": {"order": 9, "product": 3, "quantity": 1, "price": "369.00"}}, {"model": "foodcartapp.orderitem", "pk": 19, "fields": {"order": 9, "product": 5, "quantity": 2, "price": "199.00"}}, {"model": "foodcartapp.orderitem", "pk": 20, "fields": {"order": 12, "product": 3, "quantity": 1, "price": "369.00"}}, {"model": "foodcartapp.orderitem", "pk": 21, "fields": {"order": 12, "product": 5, "quantity": 2, "price": "199.00"}}, {"model": "foodcartapp.orderitem", "pk": 22, "fields": {"order": 13, "product": 3, "quantity": 1, "price": "369.00"}}, {"model": "foodcartapp.orderitem", "pk": 23, "fields": {"order": 13, "product": 5, "quantity": 2, "price": "199.00"}}, {"model": "foodcartapp.orderitem", "pk": 24, "fields": {"order": 14, "product": 3, "quantity": 1, "price": "369.00"}}, {"model": "foodcartapp.orderitem", "pk": 25, "fields": {"order": 14, "product": 5, "quantity": 2, "price": "199.00"}}, {"model": "foodcartapp.orderitem", "pk": 26, "fields": {"order": 15, "product": 3, "quantity": 1, "price": "369.00"}}, {"model": "foodcartapp.orderitem", "pk": 27, "fields": {"order": 15, "product": 5, "quantity": 2, "price": "199.00"}}, {"model": "foodcartapp.orderitem", "pk": 28, "fields": {"order": 16, "product": 1, "quantity": 1, "price": "269.00"}}, {"model": "foodcartapp.orderitem", "pk": 29, "fields": {"order": 17, "product": 1, "quantity": 1, "price": "269.00"}}, {"model": "foodcartapp.orderitem", "pk": 30, "fields": {"order": 18, "product": 2, "quantity": 1, "price": "219.00"}}, {"model": "admin.logentry", "pk": 1, "fields": {"action_time": "2023-06-08T11:47:12.914Z", "user": 1, "content_type": 2, "object_id": "1", "object_repr": "Star Burger Арбат", "action_flag": 1, "change_message": "[{\"added\": {}}]"}}, {"model": "admin.logentry", "pk": 2, "fields": {"action_time": "2023-06-08T11:47:49.600Z", "user": 1, "content_type": 2, "object_id": "2", "object_repr": "Star Burger Цветной", "action_flag": 1, "change_message": "[{\"added\": {}}]"}}, {"model": "admin.logentry", "pk": 3, "fields": {"action_time": "2023-06-08T11:48:15.986Z", "user": 1, "content_type": 2, "object_id": "3", "object_repr": "Star Burger Европейский", "action_flag": 1, "change_message": "[{\"added\": {}}]"}}, {"model": "admin.logentry", "pk": 4, "fields": {"action_time": "2023-06-08T11:49:31.051Z", "user": 1, "content_type": 4, "object_id": "1", "object_repr": "Бургер", "action_flag": 1, "change_message": "[{\"added\": {}}]"}}, {"model": "admin.logentry", "pk": 5, "fields": {"action_time": "2023-06-08T11:52:04.536Z", "user": 1, "content_type": 1, "object_id": "1", "object_repr": "Стейкхаус", "action_flag": 1, "change_message": "[{\"added\": {}}]"}}, {"model": "admin.logentry", "pk": 6, "fields": {"action_time": "2023-06-08T11:53:24.876Z", "user": 1, "content_type": 1, "object_id": "2", "object_repr": "Лонг Чизбургер", "action_flag": 1, "change_message": "[{\"added\": {}}]"}}, {"model": "admin.logentry", "pk": 7, "fields": {"action_time": "2023-06-08T11:54:15.240Z", "user": 1, "content_type": 1, "object_id": "3", "object_repr": "Тройной Воппер", "action_flag": 1, "change_message": "[{\"added\": {}}]"}}, {"model": "admin.logentry", "pk": 8, "fields": {"action_time": "2023-06-08T11:55:00.203Z", "user": 1, "content_type": 1, "object_id": "4", "object_repr": "Беконайзер", "action_flag": 1, "change_message": "[{\"added\": {}}]"}}, {"model": "admin.logentry", "pk": 9, "fields": {"action_time": "2023-06-08T11:55:26.845Z", "user": 1, "content_type": 4, "object_id": "2", "object_repr": "Ролл", "action_flag": 1, "change_message": "[{\"added\": {}}]"}}, {"model": "admin.logentry", "pk": 10, "fields": {"action_time": "2023-06-08T11:56:00.332Z", "user": 1, "content_type": 1, "object_id": "5", "object_repr": "Фиш Ролл", "action_flag": 1, "change_message": "[{\"added\": {}}]"}}, {"model": "admin.logentry", "pk": 11, "fields": {"action_time": "2023-06-08T11:56:59.956Z", "user": 1, "content_type": 1, "object_id": "6", "object_repr": "Шримп Ролл\"", "action_flag": 1, "change_message": "[{\"added\": {}}]"}}, {"model": "admin.logentry", "pk": 12, "fields": {"action_time": "2023-06-08T11:59:25.303Z", "user": 1, "content_type": 2, "object_id": "3", "object_repr": "Star Burger Европейский", "action_flag": 2, "change_message": "[{\"added\": {\"name\": \"\\u043f\\u0443\\u043d\\u043a\\u0442 \\u043c\\u0435\\u043d\\u044e \\u0440\\u0435\\u0441\\u0442\\u043e\\u0440\\u0430\\u043d\\u0430\", \"object\": \"Star Burger \\u0415\\u0432\\u0440\\u043e\\u043f\\u0435\\u0439\\u0441\\u043a\\u0438\\u0439 - \\u0421\\u0442\\u0435\\u0439\\u043a\\u0445\\u0430\\u0443\\u0441\"}}, {\"added\": {\"name\": \"\\u043f\\u0443\\u043d\\u043a\\u0442 \\u043c\\u0435\\u043d\\u044e \\u0440\\u0435\\u0441\\u0442\\u043e\\u0440\\u0430\\u043d\\u0430\", \"object\": \"Star Burger \\u0415\\u0432\\u0440\\u043e\\u043f\\u0435\\u0439\\u0441\\u043a\\u0438\\u0439 - \\u041b\\u043e\\u043d\\u0433 \\u0427\\u0438\\u0437\\u0431\\u0443\\u0440\\u0433\\u0435\\u0440\"}}, {\"added\": {\"name\": \"\\u043f\\u0443\\u043d\\u043a\\u0442 \\u043c\\u0435\\u043d\\u044e \\u0440\\u0435\\u0441\\u0442\\u043e\\u0440\\u0430\\u043d\\u0430\", \"object\": \"Star Burger \\u0415\\u0432\\u0440\\u043e\\u043f\\u0435\\u0439\\u0441\\u043a\\u0438\\u0439 - \\u0422\\u0440\\u043e\\u0439\\u043d\\u043e\\u0439 \\u0412\\u043e\\u043f\\u043f\\u0435\\u0440\"}}, {\"added\": {\"name\": \"\\u043f\\u0443\\u043d\\u043a\\u0442 \\u043c\\u0435\\u043d\\u044e \\u0440\\u0435\\u0441\\u0442\\u043e\\u0440\\u0430\\u043d\\u0430\", \"object\": \"Star Burger \\u0415\\u0432\\u0440\\u043e\\u043f\\u0435\\u0439\\u0441\\u043a\\u0438\\u0439 - \\u0411\\u0435\\u043a\\u043e\\u043d\\u0430\\u0439\\u0437\\u0435\\u0440\"}}, {\"added\": {\"name\": \"\\u043f\\u0443\\u043d\\u043a\\u0442 \\u043c\\u0435\\u043d\\u044e \\u0440\\u0435\\u0441\\u0442\\u043e\\u0440\\u0430\\u043d\\u0430\", \"object\": \"Star Burger \\u0415\\u0432\\u0440\\u043e\\u043f\\u0435\\u0439\\u0441\\u043a\\u0438\\u0439 - \\u0424\\u0438\\u0448 \\u0420\\u043e\\u043b\\u043b\"}}, {\"added\": {\"name\": \"\\u043f\\u0443\\u043d\\u043a\\u0442 \\u043c\\u0435\\u043d\\u044e \\u0440\\u0435\\u0441\\u0442\\u043e\\u0440\\u0430\\u043d\\u0430\", \"object\": \"Star Burger \\u0415\\u0432\\u0440\\u043e\\u043f\\u0435\\u0439\\u0441\\u043a\\u0438\\u0439 - \\u0428\\u0440\\u0438\\u043c\\u043f \\u0420\\u043e\\u043b\\u043b\\\"\"}}]"}}, {"model": "admin.logentry", "pk": 13, "fields": {"action_time": "2023-06-08T11:59:51.515Z", "user": 1, "content_type": 2, "object_id": "2", "object_repr": "Star Burger Цветной", "action_flag": 2, "change_message": "[{\"added\": {\"name\": \"\\u043f\\u0443\\u043d\\u043a\\u0442 \\u043c\\u0435\\u043d\\u044e \\u0440\\u0435\\u0441\\u0442\\u043e\\u0440\\u0430\\u043d\\u0430\", \"object\": \"Star Burger \\u0426\\u0432\\u0435\\u0442\\u043d\\u043e\\u0439 - \\u0421\\u0442\\u0435\\u0439\\u043a\\u0445\\u0430\\u0443\\u0441\"}}, {\"added\": {\"name\": \"\\u043f\\u0443\\u043d\\u043a\\u0442 \\u043c\\u0435\\u043d\\u044e \\u0440\\u0435\\u0441\\u0442\\u043e\\u0440\\u0430\\u043d\\u0430\", \"object\": \"Star Burger \\u0426\\u0432\\u0435\\u0442\\u043d\\u043e\\u0439 - \\u041b\\u043e\\u043d\\u0433 \\u0427\\u0438\\u0437\\u0431\\u0443\\u0440\\u0433\\u0435\\u0440\"}}, {\"added\": {\"name\": \"\\u043f\\u0443\\u043d\\u043a\\u0442 \\u043c\\u0435\\u043d\\u044e \\u0440\\u0435\\u0441\\u0442\\u043e\\u0440\\u0430\\u043d\\u0430\", \"object\": \"Star Burger \\u0426\\u0432\\u0435\\u0442\\u043d\\u043e\\u0439 - \\u0422\\u0440\\u043e\\u0439\\u043d\\u043e\\u0439 \\u0412\\u043e\\u043f\\u043f\\u0435\\u0440\"}}, {\"added\": {\"name\": \"\\u043f\\u0443\\u043d\\u043a\\u0442 \\u043c\\u0435\\u043d\\u044e \\u0440\\u0435\\u0441\\u0442\\u043e\\u0440\\u0430\\u043d\\u0430\", \"object\": \"Star Burger \\u0426\\u0432\\u0435\\u0442\\u043d\\u043e\\u0439 - \\u0428\\u0440\\u0438\\u043c\\u043f \\u0420\\u043e\\u043b\\u043b\\\"\"}}, {\"added\": {\"name\": \"\\u043f\\u0443\\u043d\\u043a\\u0442 \\u043c\\u0435\\u043d\\u044e \\u0440\\u0435\\u0441\\u0442\\u043e\\u0440\\u0430\\u043d\\u0430\", \"object\": \"Star Burger \\u0426\\u0432\\u0435\\u0442\\u043d\\u043e\\u0439 - \\u0424\\u0438\\u0448 \\u0420\\u043e\\u043b\\u043b\"}}, {\"added\": {\"name\": \"\\u043f\\u0443\\u043d\\u043a\\u0442 \\u043c\\u0435\\u043d\\u044e \\u0440\\u0435\\u0441\\u0442\\u043e\\u0440\\u0430\\u043d\\u0430\", \"object\": \"Star Burger \\u0426\\u0432\\u0435\\u0442\\u043d\\u043e\\u0439 - \\u0411\\u0435\\u043a\\u043e\\u043d\\u0430\\u0439\\u0437\\u0435\\u0440\"}}]"}}, {"model": "admin.logentry", "pk": 14, "fields": {"action_time": "2023-06-08T12:00:12.809Z", "user": 1, "content_type": 2, "object_id": "1", "object_repr": "Star Burger Арбат", "action_flag": 2, "change_message": "[{\"added\": {\"name\": \"\\u043f\\u0443\\u043d\\u043a\\u0442 \\u043c\\u0435\\u043d\\u044e \\u0440\\u0435\\u0441\\u0442\\u043e\\u0440\\u0430\\u043d\\u0430\", \"object\": \"Star Burger \\u0410\\u0440\\u0431\\u0430\\u0442 - \\u0428\\u0440\\u0438\\u043c\\u043f \\u0420\\u043e\\u043b\\u043b\\\"\"}}, {\"added\": {\"name\": \"\\u043f\\u0443\\u043d\\u043a\\u0442 \\u043c\\u0435\\u043d\\u044e \\u0440\\u0435\\u0441\\u0442\\u043e\\u0440\\u0430\\u043d\\u0430\", \"object\": \"Star Burger \\u0410\\u0440\\u0431\\u0430\\u0442 - \\u0424\\u0438\\u0448 \\u0420\\u043e\\u043b\\u043b\"}}, {\"added\": {\"name\": \"\\u043f\\u0443\\u043d\\u043a\\u0442 \\u043c\\u0435\\u043d\\u044e \\u0440\\u0435\\u0441\\u0442\\u043e\\u0440\\u0430\\u043d\\u0430\", \"object\": \"Star Burger \\u0410\\u0440\\u0431\\u0430\\u0442 - \\u0411\\u0435\\u043a\\u043e\\u043d\\u0430\\u0439\\u0437\\u0435\\u0440\"}}, {\"added\": {\"name\": \"\\u043f\\u0443\\u043d\\u043a\\u0442 \\u043c\\u0435\\u043d\\u044e \\u0440\\u0435\\u0441\\u0442\\u043e\\u0440\\u0430\\u043d\\u0430\", \"object\": \"Star Burger \\u0410\\u0440\\u0431\\u0430\\u0442 - \\u0422\\u0440\\u043e\\u0439\\u043d\\u043e\\u0439 \\u0412\\u043e\\u043f\\u043f\\u0435\\u0440\"}}, {\"added\": {\"name\": \"\\u043f\\u0443\\u043d\\u043a\\u0442 \\u043c\\u0435\\u043d\\u044e \\u0440\\u0435\\u0441\\u0442\\u043e\\u0440\\u0430\\u043d\\u0430\", \"object\": \"Star Burger \\u0410\\u0440\\u0431\\u0430\\u0442 - \\u041b\\u043e\\u043d\\u0433 \\u0427\\u0438\\u0437\\u0431\\u0443\\u0440\\u0433\\u0435\\u0440\"}}, {\"added\": {\"name\": \"\\u043f\\u0443\\u043d\\u043a\\u0442 \\u043c\\u0435\\u043d\\u044e \\u0440\\u0435\\u0441\\u0442\\u043e\\u0440\\u0430\\u043d\\u0430\", \"object\": \"Star Burger \\u0410\\u0440\\u0431\\u0430\\u0442 - \\u0421\\u0442\\u0435\\u0439\\u043a\\u0445\\u0430\\u0443\\u0441\"}}]"}}, {"model": "admin.logentry", "pk": 15, "fields": {"action_time": "2023-06-09T11:58:02.061Z", "user": 1, "content_type": 12, "object_id": "1", "object_repr": "Из админки +79067772233", "action_flag": 1, "change_message": "[{\"added\": {}}]"}}, {"model": "admin.logentry", "pk": 16, "fields": {"action_time": "2023-06-09T11:58:53.482Z", "user": 1, "content_type": 12, "object_id": "1", "object_repr": "Из админки +79067772233", "action_flag": 2, "change_message": "[{\"changed\": {\"fields\": [\"\\u0410\\u0434\\u0440\\u0435\\u0441 \\u0434\\u043e\\u0441\\u0442\\u0430\\u0432\\u043a\\u0438\"]}}]"}}, {"model": "admin.logentry", "pk": 17, "fields": {"action_time": "2023-06-09T12:02:40.273Z", "user": 1, "content_type": 12, "object_id": "1", "object_repr": "Из админки +79067772233", "action_flag": 2, "change_message": "[{\"added\": {\"name\": \"\\u0417\\u0430\\u043a\\u0430\\u0437\", \"object\": \"+79067772233 - \\u0421\\u0442\\u0435\\u0439\\u043a\\u0445\\u0430\\u0443\\u0441\"}}]"}}, {"model": "admin.logentry", "pk": 18, "fields": {"action_time": "2023-06-09T12:02:46.522Z", "user": 1, "content_type": 12, "object_id": "1", "object_repr": "Из админки +79067772233", "action_flag": 2, "change_message": "[]"}}, {"model": "admin.logentry", "pk": 19, "fields": {"action_time": "2023-06-09T12:03:04.046Z", "user": 1, "content_type": 12, "object_id": "1", "object_repr": "Из админки +79067772233", "action_flag": 2, "change_message": "[{\"added\": {\"name\": \"\\u0417\\u0430\\u043a\\u0430\\u0437\", \"object\": \"+79067772233 - \\u0424\\u0438\\u0448 \\u0420\\u043e\\u043b\\u043b\"}}]"}}, {"model": "admin.logentry", "pk": 20, "fields": {"action_time": "2023-06-09T12:07:25.291Z", "user": 1, "content_type": 12, "object_id": "1", "object_repr": "Из админки +79067772233", "action_flag": 2, "change_message": "[]"}}, {"model": "admin.logentry", "pk": 21, "fields": {"action_time": "2023-06-09T12:08:02.164Z", "user": 1, "content_type": 12, "object_id": "1", "object_repr": "Из админки +79067772233", "action_flag": 2, "change_message": "[]"}}, {"model": "admin.logentry", "pk": 22, "fields": {"action_time": "2023-06-09T13:22:23.134Z", "user": 1, "content_type": 12, "object_id": "2", "object_repr": "Michael +7977808747", "action_flag": 3, "change_message": ""}}, {"model": "admin.logentry", "pk": 23, "fields": {"action_time": "2023-06-11T10:48:20.373Z", "user": 1, "content_type": 12, "object_id": "4", "object_repr": "Michael +79778108747", "action_flag": 3, "change_message": ""}}, {"model": "admin.logentry", "pk": 24, "fields": {"action_time": "2023-06-11T10:48:26.753Z", "user": 1, "content_type": 12, "object_id": "3", "object_repr": "Michael +7977808747", "action_flag": 3, "change_message": ""}}, {"model": "admin.logentry", "pk": 25, "fields": {"action_time": "2023-06-12T04:46:51.705Z", "user": 1, "content_type": 12, "object_id": "5", "object_repr": "Michael +79778108747", "action_flag": 2, "change_message": "[{\"changed\": {\"name\": \"\\u0417\\u0430\\u043a\\u0430\\u0437\", \"object\": \"+79778108747 - \\u0422\\u0440\\u043e\\u0439\\u043d\\u043e\\u0439 \\u0412\\u043e\\u043f\\u043f\\u0435\\u0440\", \"fields\": [\"\\u0426\\u0435\\u043d\\u0430\"]}}]"}}, {"model": "admin.logentry", "pk": 26, "fields": {"action_time": "2023-06-12T07:13:46.216Z", "user": 1, "content_type": 12, "object_id": "1", "object_repr": "Из админки +79067772233", "action_flag": 2, "change_message": "[{\"changed\": {\"fields\": [\"\\u0421\\u0442\\u0430\\u0442\\u0443\\u0441\"]}}]"}}, {"model": "admin.logentry", "pk": 27, "fields": {"action_time": "2023-06-12T07:27:19.265Z", "user": 1, "content_type": 12, "object_id": "5", "object_repr": "Michael +79778108747", "action_flag": 2, "change_message": "[{\"changed\": {\"fields\": [\"\\u041a\\u043e\\u043c\\u043c\\u0435\\u043d\\u0442\\u0430\\u0440\\u0438\\u0439\"]}}]"}}, {"model": "admin.logentry", "pk": 28, "fields": {"action_time": "2023-06-12T14:53:45.387Z", "user": 1, "content_type": 12, "object_id": "8", "object_repr": "Michael +79778087555", "action_flag": 1, "change_message": "[{\"added\": {}}, {\"added\": {\"name\": \"\\u0417\\u0430\\u043a\\u0430\\u0437\", \"object\": \"+79778087555 - \\u0421\\u0442\\u0435\\u0439\\u043a\\u0445\\u0430\\u0443\\u0441\"}}]"}}, {"model": "admin.logentry", "pk": 29, "fields": {"action_time": "2023-06-12T15:03:49.145Z", "user": 1, "content_type": 12, "object_id": "8", "object_repr": "Michael +79778087555", "action_flag": 2, "change_message": "[{\"changed\": {\"fields\": [\"\\u0421\\u0442\\u0430\\u0442\\u0443\\u0441\"]}}]"}}, {"model": "admin.logentry", "pk": 30, "fields": {"action_time": "2023-06-12T15:12:26.707Z", "user": 1, "content_type": 12, "object_id": "7", "object_repr": "Michael +79778108745", "action_flag": 2, "change_message": "[{\"changed\": {\"fields\": [\"\\u0421\\u043f\\u043e\\u0441\\u043e\\u0431 \\u043e\\u043f\\u043b\\u0430\\u0442\\u044b\", \"\\u0421\\u0442\\u0430\\u0442\\u0443\\u0441\", \"\\u0420\\u0435\\u0441\\u0442\\u043e\\u0440\\u0430\\u043d\"]}}]"}}, {"model": "admin.logentry", "pk": 31, "fields": {"action_time": "2023-06-12T15:12:39.706Z", "user": 1, "content_type": 12, "object_id": "6", "object_repr": "Michael +79778108744", "action_flag": 2, "change_message": "[{\"changed\": {\"fields\": [\"\\u0421\\u043f\\u043e\\u0441\\u043e\\u0431 \\u043e\\u043f\\u043b\\u0430\\u0442\\u044b\", \"\\u0421\\u0442\\u0430\\u0442\\u0443\\u0441\"]}}]"}}, {"model": "admin.logentry", "pk": 32, "fields": {"action_time": "2023-06-12T15:12:44.303Z", "user": 1, "content_type": 12, "object_id": "5", "object_repr": "Michael +79778108747", "action_flag": 2, "change_message": "[{\"changed\": {\"fields\": [\"\\u0421\\u043f\\u043e\\u0441\\u043e\\u0431 \\u043e\\u043f\\u043b\\u0430\\u0442\\u044b\", \"\\u0421\\u0442\\u0430\\u0442\\u0443\\u0441\"]}}]"}}, {"model": "admin.logentry", "pk": 33, "fields": {"action_time": "2023-06-12T15:12:48.386Z", "user": 1, "content_type": 12, "object_id": "1", "object_repr": "Из админки +79067772233", "action_flag": 2, "change_message": "[{\"changed\": {\"fields\": [\"\\u0421\\u043f\\u043e\\u0441\\u043e\\u0431 \\u043e\\u043f\\u043b\\u0430\\u0442\\u044b\", \"\\u0421\\u0442\\u0430\\u0442\\u0443\\u0441\"]}}]"}}, {"model": "admin.logentry", "pk": 34, "fields": {"action_time": "2023-06-12T15:53:00.536Z", "user": 1, "content_type": 12, "object_id": "6", "object_repr": "Michael +79778108744", "action_flag": 2, "change_message": "[{\"changed\": {\"fields\": [\"\\u0420\\u0435\\u0441\\u0442\\u043e\\u0440\\u0430\\u043d\"]}}]"}}, {"model": "admin.logentry", "pk": 35, "fields": {"action_time": "2023-06-12T15:53:18.313Z", "user": 1, "content_type": 12, "object_id": "5", "object_repr": "Michael +79778108747", "action_flag": 2, "change_message": "[{\"changed\": {\"fields\": [\"\\u0420\\u0435\\u0441\\u0442\\u043e\\u0440\\u0430\\u043d\"]}}]"}}, {"model": "admin.logentry", "pk": 36, "fields": {"action_time": "2023-06-12T15:53:30.306Z", "user": 1, "content_type": 12, "object_id": "1", "object_repr": "Из админки +79067772233", "action_flag": 2, "change_message": "[{\"changed\": {\"fields\": [\"\\u0420\\u0435\\u0441\\u0442\\u043e\\u0440\\u0430\\u043d\"]}}]"}}, {"model": "admin.logentry", "pk": 37, "fields": {"action_time": "2023-06-12T15:53:39.576Z", "user": 1, "content_type": 12, "object_id": "8", "object_repr": "Michael +79778087555", "action_flag": 2, "change_message": "[{\"changed\": {\"fields\": [\"\\u0420\\u0435\\u0441\\u0442\\u043e\\u0440\\u0430\\u043d\"]}}]"}}, {"model": "admin.logentry", "pk": 38, "fields": {"action_time": "2023-06-12T16:09:26.272Z", "user": 1, "content_type": 12, "object_id": "1", "object_repr": "Из админки +79067772233", "action_flag": 2, "change_message": "[{\"deleted\": {\"name\": \"\\u0417\\u0430\\u043a\\u0430\\u0437\", \"object\": \"+79067772233 - \\u0421\\u0442\\u0435\\u0439\\u043a\\u0445\\u0430\\u0443\\u0441\"}}]"}}, {"model": "admin.logentry", "pk": 39, "fields": {"action_time": "2023-06-12T16:10:25.440Z", "user": 1, "content_type": 2, "object_id": "3", "object_repr": "Star Burger Европейский", "action_flag": 2, "change_message": "[{\"deleted\": {\"name\": \"\\u043f\\u0443\\u043d\\u043a\\u0442 \\u043c\\u0435\\u043d\\u044e \\u0440\\u0435\\u0441\\u0442\\u043e\\u0440\\u0430\\u043d\\u0430\", \"object\": \"Star Burger \\u0415\\u0432\\u0440\\u043e\\u043f\\u0435\\u0439\\u0441\\u043a\\u0438\\u0439 - \\u0424\\u0438\\u0448 \\u0420\\u043e\\u043b\\u043b\"}}]"}}, {"model": "admin.logentry", "pk": 40, "fields": {"action_time": "2023-06-12T16:10:40.430Z", "user": 1, "content_type": 2, "object_id": "2", "object_repr": "Star Burger Цветной", "action_flag": 2, "change_message": "[{\"deleted\": {\"name\": \"\\u043f\\u0443\\u043d\\u043a\\u0442 \\u043c\\u0435\\u043d\\u044e \\u0440\\u0435\\u0441\\u0442\\u043e\\u0440\\u0430\\u043d\\u0430\", \"object\": \"Star Burger \\u0426\\u0432\\u0435\\u0442\\u043d\\u043e\\u0439 - \\u0424\\u0438\\u0448 \\u0420\\u043e\\u043b\\u043b\"}}]"}}, {"model": "admin.logentry", "pk": 41, "fields": {"action_time": "2023-06-13T07:37:31.356Z", "user": 1, "content_type": 12, "object_id": "8", "object_repr": "Michael +79778087555", "action_flag": 2, "change_message": "[{\"changed\": {\"fields\": [\"\\u0420\\u0435\\u0441\\u0442\\u043e\\u0440\\u0430\\u043d\"]}}, {\"added\": {\"name\": \"\\u0417\\u0430\\u043a\\u0430\\u0437\", \"object\": \"+79778087555 - \\u0424\\u0438\\u0448 \\u0420\\u043e\\u043b\\u043b\"}}]"}}, {"model": "admin.logentry", "pk": 42, "fields": {"action_time": "2023-06-13T09:38:19.014Z", "user": 1, "content_type": 12, "object_id": "8", "object_repr": "Michael +79778087555", "action_flag": 2, "change_message": "[{\"changed\": {\"fields\": [\"\\u0410\\u0434\\u0440\\u0435\\u0441 \\u0434\\u043e\\u0441\\u0442\\u0430\\u0432\\u043a\\u0438\"]}}]"}}, {"model": "admin.logentry", "pk": 43, "fields": {"action_time": "2023-06-15T07:44:30.977Z", "user": 1, "content_type": 12, "object_id": "18", "object_repr": "Michael +79778108743", "action_flag": 2, "change_message": "[{\"changed\": {\"fields\": [\"\\u0421\\u043f\\u043e\\u0441\\u043e\\u0431 \\u043e\\u043f\\u043b\\u0430\\u0442\\u044b\", \"\\u0410\\u0434\\u0440\\u0435\\u0441 \\u0434\\u043e\\u0441\\u0442\\u0430\\u0432\\u043a\\u0438\"]}}]"}}, {"model": "admin.logentry", "pk": 44, "fields": {"action_time": "2023-06-16T06:49:25.616Z", "user": 1, "content_type": 12, "object_id": "18", "object_repr": "Michael +79778108743", "action_flag": 2, "change_message": "[]"}}, {"model": "admin.logentry", "pk": 45, "fields": {"action_time": "2023-06-16T06:50:30.041Z", "user": 1, "content_type": 12, "object_id": "18", "object_repr": "Michael +79778108743", "action_flag": 2, "change_message": "[]"}}, {"model": "admin.logentry", "pk": 46, "fields": {"action_time": "2023-06-16T06:50:44.174Z", "user": 1, "content_type": 12, "object_id": "18", "object_repr": "Michael +79778108743", "action_flag": 2, "change_message": "[]"}}, {"model": "auth.user", "pk": 1, "fields": {"password": "pbkdf2_sha256$260000$3S5SvX9VfCmCKSSynV6eGH$WIcdvdFQMcRbu1lvT4dm7pk5JVRhXbzZLIMBuT2yTJw=", "last_login": "2023-07-27T08:04:55.034Z", "is_superuser": true, "username": "admin", "first_name": "", "last_name": "", "email": "admin@ya.ru", "is_staff": true, "is_active": true, "date_joined": "2023-06-08T11:09:53.350Z", "groups": [], "user_permissions": []}}, {"model": "sessions.session", "pk": "11eo5834h6qa6zuomc394uk387aqj4o9", "fields": {"session_data": ".eJxVjDsOwyAQBe9CHSEw_5TpfQa0LOvgJALJ2FWUu0dILpL2zcx7swjHXuLRaYtrZlcm2eV3S4BPqgPkB9R749jqvq2JD4WftPO5ZXrdTvfvoEAvo8ZsIdhAGpMJ3msZlpwCmQRCZIVS4GQX57RxZIQiacl54xQgCKsnwz5f86Q3rw:1q8Hgw:8mqy61S9b62ebxmK0EWwq1_s8jiD3ZaFQGurXtw6YJs", "expire_date": "2023-06-25T09:48:58.908Z"}}, {"model": "sessions.session", "pk": "6165e3y3is2f2e38leed87p507bxvnka", "fields": {"session_data": ".eJxVjDsOwyAQBe9CHSEw_5TpfQa0LOvgJALJ2FWUu0dILpL2zcx7swjHXuLRaYtrZlcm2eV3S4BPqgPkB9R749jqvq2JD4WftPO5ZXrdTvfvoEAvo8ZsIdhAGpMJ3msZlpwCmQRCZIVS4GQX57RxZIQiacl54xQgCKsnwz5f86Q3rw:1qMVdg:7Lp7G6srIAOCE6bPUHYkRDbmHGgZvdCgMvOv6qlOVJ4", "expire_date": "2023-08-03T15:32:24.039Z"}}, {"model": "sessions.session", "pk": "8yigmq1k2kebyso3oeybbgojnqmzsit3", "fields": {"session_data": ".eJxVjDsOwyAQBe9CHSEw_5TpfQa0LOvgJALJ2FWUu0dILpL2zcx7swjHXuLRaYtrZlcm2eV3S4BPqgPkB9R749jqvq2JD4WftPO5ZXrdTvfvoEAvo8ZsIdhAGpMJ3msZlpwCmQRCZIVS4GQX57RxZIQiacl54xQgCKsnwz5f86Q3rw:1q8hAR:1leVNTYxZlenKM2_EDR6TMWqDh8swOCba_PQIymwnhc", "expire_date": "2023-06-26T13:01:07.135Z"}}, {"model": "sessions.session", "pk": "e1mt5dj8zrfz6684vvzu01g48uuw9fea", "fields": {"session_data": ".eJxVjDsOwyAQBe9CHSEw_5TpfQa0LOvgJALJ2FWUu0dILpL2zcx7swjHXuLRaYtrZlcm2eV3S4BPqgPkB9R749jqvq2JD4WftPO5ZXrdTvfvoEAvo8ZsIdhAGpMJ3msZlpwCmQRCZIVS4GQX57RxZIQiacl54xQgCKsnwz5f86Q3rw:1q7DWu:WsS3wETntN-GZuyxGL8iqyUaGwun2MKg_n24zuf2tTU", "expire_date": "2023-06-22T11:10:12.455Z"}}, {"model": "sessions.session", "pk": "fk6r0ly1gkktpmliyxl5x8cna75qjnzc", "fields": {"session_data": ".eJxVjDsOwyAQBe9CHSEw_5TpfQa0LOvgJALJ2FWUu0dILpL2zcx7swjHXuLRaYtrZlcm2eV3S4BPqgPkB9R749jqvq2JD4WftPO5ZXrdTvfvoEAvo8ZsIdhAGpMJ3msZlpwCmQRCZIVS4GQX57RxZIQiacl54xQgCKsnwz5f86Q3rw:1qOvzT:F7uFwRgr1FTzWeFtRX5U2nDQ_vlj4CRn04iOCAVv_NQ", "expire_date": "2023-08-10T08:04:55.053Z"}}, {"model": "sessions.session", "pk": "iwgp9wjfhzxgstb7tuto3rikrayxuzk9", "fields": {"session_data": ".eJxVjDsOwyAQBe9CHSEw_5TpfQa0LOvgJALJ2FWUu0dILpL2zcx7swjHXuLRaYtrZlcm2eV3S4BPqgPkB9R749jqvq2JD4WftPO5ZXrdTvfvoEAvo8ZsIdhAGpMJ3msZlpwCmQRCZIVS4GQX57RxZIQiacl54xQgCKsnwz5f86Q3rw:1q9gwD:wXXtsRNlXfQ9Z0BkpX4JW2k2WV1Z8wZ-WhtfUjhyu5c", "expire_date": "2023-06-29T06:58:33.263Z"}}, {"model": "sessions.session", "pk": "pi47u4sq68zzupuwy5xkrz9vdmrg3eu4", "fields": {"session_data": ".eJxVjDsOwyAQBe9CHSEw_5TpfQa0LOvgJALJ2FWUu0dILpL2zcx7swjHXuLRaYtrZlcm2eV3S4BPqgPkB9R749jqvq2JD4WftPO5ZXrdTvfvoEAvo8ZsIdhAGpMJ3msZlpwCmQRCZIVS4GQX57RxZIQiacl54xQgCKsnwz5f86Q3rw:1qMVeF:2NK6HkRYxZnhl8X1bqbEYC9afZ6XW0XHe7bNZ3ACHms", "expire_date": "2023-08-03T15:32:59.768Z"}}, {"model": "sessions.session", "pk": "v58b7njbl30zbkia6nx79stvzfdx7ii3", "fields": {"session_data": ".eJxVjDsOwyAQBe9CHSEw_5TpfQa0LOvgJALJ2FWUu0dILpL2zcx7swjHXuLRaYtrZlcm2eV3S4BPqgPkB9R749jqvq2JD4WftPO5ZXrdTvfvoEAvo8ZsIdhAGpMJ3msZlpwCmQRCZIVS4GQX57RxZIQiacl54xQgCKsnwz5f86Q3rw:1q8hB4:v22Nuedeu9NHxQF8kTF8t2PPy4ixHisoRcgrm8JC1Hg", "expire_date": "2023-06-26T13:01:46.773Z"}}, {"model": "geodata.place", "pk": 1, "fields": {"place": "Москва, Цветной бульвар, 11с2", "lat": 55.770076, "lon": 37.620429}}, {"model": "geodata.place", "pk": 2, "fields": {"place": "Москва, ул. Новый Арбат, 15", "lat": 55.752141, "lon": 37.59242}}, {"model": "geodata.place", "pk": 3, "fields": {"place": "Москва, Дмитровское шоссе 60", "lat": 55.85292, "lon": 37.567473}}, {"model": "geodata.place", "pk": 4, "fields": {"place": "Красногорск Лесная 5", "lat": 55.833066, "lon": 37.325018}}, {"model": "geodata.place", "pk": 5, "fields": {"place": "Москва, пл. Киевского Вокзала, 2", "lat": 55.744637, "lon": 37.566072}}, {"model": "geodata.place", "pk": 6, "fields": {"place": "Москва, ул. Новый Сад, 151", "lat": 55.944662, "lon": 37.923027}}, {"model": "geodata.place", "pk": 7, "fields": {"place": "Москва, ул. ржавый меч, 151", "lat": 55.755819, "lon": 37.617644}}]